-- Create database

CREATE DATABASE shop2;

use shop2;

-- --------------------------------------------------------

--
-- Table structure for table `catogary`
--

CREATE TABLE `catogary` (
  `Cid` varchar(5) NOT NULL,
  `Discription` varchar(20) DEFAULT NULL
) ENGINE=InnoDB DEFAULT CHARSET=latin1;

--
-- Dumping data for table `catogary`
--

INSERT INTO `catogary` (`Cid`, `Discription`) VALUES
('B', 'Bakery'),
('E23', 'hello'),
('P', 'primary'),
('S', 'Stationary');

-- --------------------------------------------------------

--
-- Table structure for table `item`
--

CREATE TABLE `item` (
  `ID` int(11) NOT NULL,
  `Name` varchar(15) NOT NULL,
  `Price` decimal(10,2) DEFAULT NULL
) ENGINE=InnoDB DEFAULT CHARSET=latin1;

--
-- Dumping data for table `item`
--

INSERT INTO `item` (`ID`, `Name`, `Price`) VALUES
(1000, 'Fried Rice', '230.00'),
(1001, 'Parata', '50.00'),
(1002, 'Koththu', '350.00'),
(1003, 'Hoppers', '25.00'),
(1004, 'Red Rice', '260.00'),
(1005, 'Pittu', '650.00'),
(1006, 'Biscute', '55.00'),
(1007, 'Suger', '150.00'),
(1008, 'Flur', '110.00'),
(1009, 'Cake', '240.00'),
(1010, 'Daal', '260.00'),
(1011, 'Beans', '145.00'),
(1012, 'Itly', '35.00'),
(1013, 'Potato', '45.00'),
(1014, 'Cracker', '70.00'),
(1015, 'Samaposha', '80.00'),
(1016, 'Ball', '60.00'),
(1017, 'Battery', '35.00'),
(1018, 'Tea', '15.00'),
(1019, 'Pencil', '20.00'),
(1020, 'Pen', '20.00'),
(1021, 'Book', '80.00'),
(1022, 'Sunlight', '50.00'),
(1023, 'Lux', '62.00'),
(1024, 'Velvet', '65.00'),
(1025, 'Life Buoy', '58.00'),
(1026, 'Pepermint', '0.50'),
(1027, 'Toffee', '2.00'),
(1028, 'Chocalate', '10.00'),
(1029, 'Eno', '25.00'),
(1030, 'Panadol', '24.00'),
(1031, 'Center Fruit', '3.00'),
(1032, 'Anchor', '240.00'),
(1033, 'Raththi', '250.00'),
(1034, 'Horliks', '320.00'),
(1035, 'Viva', '310.00'),
(1036, 'Pathola', '35.00'),
(1037, 'Dunhil', '70.00'),
(1038, 'Gold Leaf', '65.00'),
(1039, 'Bristal', '45.00'),
(1040, 'Astra', '10.00'),
(1041, 'Jam', '30.00'),
(1042, 'Newdale', '35.00'),
(1043, 'Salt', '70.00'),
(1044, 'Sprite', '110.00'),
(1045, 'Coca Cola', '130.00'),
(1046, 'Egg', '23.00'),
(1047, 'Maggi Soup', '50.00'),
(1048, 'Koththumee', '55.00'),
(1049, 'Milk Maid', '360.00'),
(1050, 'Stepler', '210.00'),
(1051, 'Ice Cream', '30.00'),
(1052, 'Broom', '165.00'),
(1053, 'Pastal', '90.00'),
(1054, 'Chicken Cube', '25.00'),
(1055, 'Tipitip', '10.00'),
(1056, 'Soya Meet', '40.00'),
(1058, 'Saman', '150.00'),
(1059, 'Bulbs', '120.00'),
(1060, 'Koththamalli', '85.00'),
(1061, 'Battery', '40.00'),
(1062, 'mouse', '400.00');

-- --------------------------------------------------------

--
-- Table structure for table `sale_det`
--

CREATE TABLE `sale_det` (
  `bill_index` int(11) NOT NULL,
  `id` int(11) NOT NULL,
  `price` decimal(10,2) DEFAULT NULL,
  `quentity` float DEFAULT NULL,
  `discount` float DEFAULT NULL
) ENGINE=InnoDB DEFAULT CHARSET=latin1;

--
-- Dumping data for table `sale_det`
--

INSERT INTO `sale_det` (`bill_index`, `id`, `price`, `quentity`, `discount`) VALUES
(1, 1000, '10.00', 2, 2),
(1, 1014, '5.00', 4, 1),
(2, 1001, '50.00', 1, 50),
(2, 1014, '70.00', 2, 140),
(3, 1005, '600.00', 3, 20.5),
(3, 1015, '80.00', 1, 20.5),
(3, 1026, '0.50', 1, 20.5),
(3, 1042, '35.00', 12, 20.5),
(3, 1054, '25.00', 2, 20.5),
(3, 1045, '130.00', 1, 20.5),
(3, 1055, '10.00', 2, 20.5),
(4, 1006, '55.00', 3, 5),
(4, 1013, '45.00', 2, 5),
(5, 1005, '600.00', 3, 80),
(5, 1021, '80.00', 1, 80),
(5, 1029, '25.00', 4, 80),
(6, 1010, '260.00', 2, 40),
(6, 1015, '80.00', 4, 40),
(7, 1010, '260.00', 3, 4),
(7, 1023, '62.00', 2, 4),
(8, 1007, '130.00', 3, 25),
(8, 1016, '60.00', 4, 25),
(8, 1024, '60.00', 2, 25),
(8, 1029, '25.00', 3, 25),
(9, 1005, '600.00', 1, 50),
(9, 1010, '260.00', 2, 50),
(9, 1019, '20.00', 10, 50),
(9, 1036, '30.00', 2, 50),
(9, 1040, '10.00', 3, 50),
(9, 1038, '65.00', 1, 50),
(9, 1017, '30.00', 4, 50),
(9, 1048, '55.00', 1, 50),
(10, 1005, '600.00', 2, 65),
(10, 1010, '260.00', 4, 65),
(10, 1017, '35.00', 5, 65),
(10, 1022, '50.00', 1, 65),
(0, 1004, '250.00', 2, 2),
(0, 1009, '200.00', 2, 2),
(11, 1004, '250.00', 2, 0),
(12, 1008, '110.00', 2, 25),
(12, 1012, '35.00', 3, 25),
(12, 1015, '75.00', 12, 25),
(13, 1008, '110.00', 3, 40),
(13, 1012, '35.00', 2, 40),
(13, 1020, '20.00', 12, 40),
(13, 1025, '50.00', 4, 40),
(14, 1012, '35.00', 40, 60),
(14, 1021, '80.00', 2, 60),
(14, 1050, '200.00', 5, 60),
(15, 1013, '45.00', 3, 15),
(15, 1024, '65.00', 2, 15),
(15, 1000, '230.00', 3, 15),
(15, 1045, '130.00', 4, 15),
(15, 1032, '240.00', 1, 15),
(16, 1040, '10.00', 5, 21),
(16, 1016, '55.00', 10, 21),
(16, 1024, '65.00', 2, 21),
(16, 1031, '3.00', 20, 21),
(16, 1053, '90.00', 1, 21),
(16, 1042, '35.00', 3, 21),
(16, 1048, '53.00', 12, 21),
(17, 1008, '110.00', 4, 5),
(17, 1017, '35.00', 5, 5),
(17, 1032, '240.00', 3, 5),
(17, 1038, '60.00', 4, 5),
(17, 1000, '230.00', 2, 5),
(17, 1045, '130.00', 1, 5),
(17, 1033, '245.00', 12, 5),
(18, 1019, '20.00', 2, 6),
(18, 1022, '50.00', 1, 6),
(18, 1036, '30.00', 2, 6),
(18, 1041, '30.00', 3, 6),
(18, 1031, '3.00', 2, 6),
(19, 1059, '120.00', 2, 4),
(19, 1022, '47.00', 2, 4),
(20, 1004, '250.00', 2, 30),
(20, 1014, '70.00', 3, 30),
(20, 1000, '210.00', 2, 30),
(21, 1012, '35.00', 1, 0),
(22, 1013, '45.00', 2, 15),
(22, 1003, '25.00', 5, 15),
(22, 1028, '10.00', 7, 15),
(22, 1042, '30.00', 12, 15),
(22, 1037, '70.00', 1, 15),
(23, 1060, '70.00', 2, 20),
(23, 1037, '70.00', 4, 20),
(24, 1040, '10.00', 6, 5),
(24, 1026, '0.50', 7, 5),
(24, 1000, '230.00', 45, 5),
(25, 1002, '150.00', 2, 60),
(25, 1012, '30.00', 2, 60),
(25, 1022, '50.00', 12, 60),
(25, 1015, '80.00', 6, 60),
(25, 1043, '70.00', 6, 60),
(26, 1000, '230.00', 4, 0),
(26, 1045, '130.00', 3, 0),
(26, 1021, '80.00', 2, 0),
(27, 1016, '60.00', 1, 24),
(27, 1031, '3.00', 20, 24),
(27, 1023, '62.00', 12, 24),
(27, 1048, '55.00', 6, 24),
(27, 1047, '50.00', 6, 24),
(27, 1038, '65.00', 2, 24),
(28, 1006, '55.00', 4, 5),
(28, 1026, '0.50', 34, 5),
(28, 1000, '230.00', 1, 5),
(29, 1032, '240.00', 2, 20),
(29, 1027, '2.00', 10, 20),
(29, 1015, '80.00', 12, 20),
(29, 1000, '230.00', 2, 20),
(29, 1059, '110.00', 12, 20),
(30, 1029, '25.00', 2, 0),
(30, 1030, '24.00', 1, 0),
(31, 1003, '25.00', 10, 0),
(32, 1019, '20.00', 4, 55),
(32, 1006, '55.00', 9, 55),
(32, 1018, '10.00', 5, 55),
(32, 1000, '230.00', 1, 55),
(33, 1002, '150.00', 2, 5),
(33, 1010, '258.00', 5, 5),
(33, 1016, '60.00', 2, 5),
(33, 1028, '10.00', 2, 5),
(34, 1008, '110.00', 3, 10),
(34, 1019, '20.00', 2, 10),
(34, 1021, '80.00', 3, 10),
(35, 1015, '80.00', 2, 200),
(35, 1022, '50.00', 3, 200),
(35, 1032, '240.00', 2, 200),
(35, 1012, '35.00', 2, 200),
(35, 1011, '145.00', 4, 200),
(35, 1024, '65.00', 4, 200),
(36, 1010, '260.00', 3, 70),
(36, 1012, '35.00', 34, 70),
(37, 1008, '110.00', 3, 30),
(37, 1015, '80.00', 5, 30),
(37, 1022, '50.00', 4, 30),
(38, 1018, '15.00', 4, 10),
(38, 1001, '50.00', 4, 10),
(38, 1020, '15.00', 10, 10),
(39, 1032, '240.00', 5, 900),
(39, 1022, '50.00', 7, 900),
(39, 1037, '65.00', 6, 900),
(39, 1000, '220.00', 3, 900),
(39, 1010, '260.00', 5, 900),
(40, 1013, '45.00', 6, 50),
(40, 1016, '60.00', 5, 50),
(40, 1021, '80.00', 6, 50),
(41, 1023, '62.00', 4, 3),
(41, 1028, '10.00', 2, 3),
(41, 1034, '320.00', 4, 3),
(41, 1036, '35.00', 8, 3),
(42, 1003, '25.00', 3, 10),
(42, 1018, '15.00', 1, 10),
(42, 1027, '-8.00', 5, 10),
(42, 1020, '20.00', 3, 10),
(43, 1007, '150.00', 5, 15),
(44, 1021, '80.00', 2, 16),
(44, 1030, '24.00', 5, 16),
(44, 1015, '78.00', 12, 16),
(45, 1012, '35.00', 2, 0),
(45, 1018, '15.00', 5, 0);

-- --------------------------------------------------------

--
-- Table structure for table `sale_sum`
--

CREATE TABLE `sale_sum` (
  `bill_index` int(5) NOT NULL,
  `date` varchar(50) DEFAULT NULL,
  `discount` float DEFAULT NULL
) ENGINE=InnoDB DEFAULT CHARSET=latin1;

--
-- Dumping data for table `sale_sum`
--

INSERT INTO `sale_sum` (`bill_index`, `date`, `discount`) VALUES
(0, '2020.1.28', 2),
(1, '2020.1.26', 6),
(2, '2020.1.26', 90),
(3, '2020.1.27', 20.5),
(4, '2020.1.27', 5),
(5, '2020.1.27', 80),
(6, '2020.1.27', 40),
(7, '2020.1.27', 4),
(8, '2020.1.27', 25),
(9, '2020.1.27', 50),
(10, '2020.1.28', 65),
(11, '2020.4.13', 0),
(12, '2020.4.13', 25),
(13, '2020.4.13', 40),
(14, '2020.4.13', 60),
(15, '2020.5.5', 15),
(16, '2020.5.5', 21),
(17, '2020.5.13', 5),
(18, '2020.5.13', 6),
(19, '2020.5.13', 4),
(20, '2020.5.16', 30),
(21, '2020.5.16', 0),
(22, '2020.6.2', 15),
(23, '2020.6.2', 20),
(24, '2020.6.20', 5),
(25, '2020.8.2', 60),
(26, '2020.8.2', 0),
(27, '2020.8.2', 24),
(28, '2020.10.22', 5),
(29, '2021.1.10', 20),
(30, '2021.1.10', 0),
(31, '2021.1.10', 0),
(32, '2022.9.3', 55),
(33, '2023.1.10', 5),
(34, '2023.1.10', 10),
(35, '2023.1.10', 200),
(36, '2023.1.18', 70),
(37, '2023.1.19', 30),
(38, '2023.1.19', 10),
(39, '2023.2.1', 900),
(40, '2023.2.1', 50),
(41, '2023.2.1', 3),
(42, '2023.10.19', 10),
(43, '2023.10.19', 15),
(44, '2023.10.19', 16),
(45, '2023.10.19', 0);

--
-- Indexes for dumped tables
--

--
-- Indexes for table `catogary`
--
ALTER TABLE `catogary`
  ADD PRIMARY KEY (`Cid`);

--
-- Indexes for table `item`
--
ALTER TABLE `item`
  ADD PRIMARY KEY (`ID`);

--
-- Indexes for table `sale_det`
--
ALTER TABLE `sale_det`
  ADD KEY `FK_sale_det_item` (`id`),
  ADD KEY `FK_sale_det_sale_sum` (`bill_index`);

--
-- Indexes for table `sale_sum`
--
ALTER TABLE `sale_sum`
  ADD PRIMARY KEY (`bill_index`);

--
-- Constraints for dumped tables
--

--
-- Constraints for table `sale_det`
--
ALTER TABLE `sale_det`
  ADD CONSTRAINT `FK_sale_det_item` FOREIGN KEY (`id`) REFERENCES `item` (`ID`),
  ADD CONSTRAINT `FK_sale_det_sale_sum` FOREIGN KEY (`bill_index`) REFERENCES `sale_sum` (`bill_index`);
COMMIT;

/*!40101 SET CHARACTER_SET_CLIENT=@OLD_CHARACTER_SET_CLIENT */;
/*!40101 SET CHARACTER_SET_RESULTS=@OLD_CHARACTER_SET_RESULTS */;
/*!40101 SET COLLATION_CONNECTION=@OLD_COLLATION_CONNECTION */;
